{
"name": "MacKay, full rank [false], regular [true]", 
"codes": [
[{"name":"d_v = 1, d_c = 2","noise_parameter":[0.5011872336272722,0.5623413251903491,0.6309573444801932,0.7079457843841379,0.7943282347242815,0.8912509381337456,1.0,1.1220184543019633,1.2589254117941673,1.4125375446227544,1.5848931924611136,1.778279410038923,1.9952623149688795,2.23872113856834,2.51188643150958,2.8183829312644537,3.1622776601683795,3.548133892335755,3.981071705534973,4.46683592150963],"bit_error_rate":[0.24135416666666665,0.2133125,0.18435416666666668,0.16054166666666667,0.12957291666666668,0.10298958333333334,0.07815625,0.0555,0.03804166666666666,0.0228125,0.012458333333333332,0.005614583333333333,0.0026875,0.0007083333333333333,0.00024999999999999995,0.000020833333333333333,0.0,0.0,0.0,0.0],"block_error_rate":[1.0,1.0,1.0,1.0,1.0,0.999,1.0,0.994,0.979,0.882,0.683,0.415,0.225,0.065,0.024,0.002,0.0,0.0,0.0,0.0],"code_rate":0.5,"decoding_time":8.8260671e-6,"code":{"dimension":96,"parity_row":[[27,83],[80,168],[126,136],[75,186],[50,179],[84,142],[4,70],[11,55],[16,24],[47,119],[46,122],[48,58],[1,52],[114,183],[92,159],[96,115],[8,144],[143,155],[153,157],[5,102],[31,128],[25,169],[26,107],[59,79],[10,112],[14,30],[42,154],[13,103],[163,185],[18,111],[89,101],[65,131],[87,90],[69,125],[19,67],[178,180],[60,93],[3,173],[32,35],[36,77],[23,160],[78,82],[43,171],[45,158],[49,118],[28,124],[15,66],[37,165],[21,148],[113,140],[108,130],[39,135],[7,9],[64,106],[2,12],[38,76],[162,170],[20,22],[61,99],[98,100],[40,62],[138,147],[0,139],[109,150],[44,53],[137,145],[86,156],[81,161],[123,127],[121,166],[117,129],[68,97],[71,110],[6,72],[29,95],[149,181],[34,167],[184,188],[189,191],[172,176],[134,164],[120,141],[116,175],[41,182],[88,146],[133,152],[174,177],[73,94],[33,85],[51,56],[74,91],[57,104],[63,132],[187,190],[17,54],[105,151]],"parity_col":[[62],[12],[54],[37],[6],[19],[73],[52],[16],[52],[24],[7],[54],[27],[25],[46],[8],[94],[29],[34],[57],[48],[57],[40],[8],[21],[22],[0],[45],[74],[25],[20],[38],[88],[76],[38],[39],[47],[55],[51],[60],[83],[26],[42],[64],[43],[10],[9],[11],[44],[4],[89],[12],[64],[94],[7],[89],[91],[11],[23],[36],[58],[60],[92],[53],[31],[46],[34],[71],[33],[6],[72],[73],[87],[90],[3],[55],[39],[41],[23],[1],[67],[41],[0],[5],[88],[66],[32],[84],[30],[32],[90],[14],[36],[87],[74],[15],[71],[59],[58],[59],[30],[19],[27],[91],[95],[53],[22],[50],[63],[72],[29],[24],[49],[13],[15],[82],[70],[44],[9],[81],[69],[10],[68],[45],[33],[2],[68],[20],[70],[50],[31],[92],[85],[80],[51],[2],[65],[61],[62],[49],[81],[5],[17],[16],[65],[84],[61],[48],[75],[63],[95],[85],[18],[26],[17],[66],[18],[43],[14],[40],[67],[56],[28],[80],[47],[69],[76],[1],[21],[56],[42],[79],[37],[86],[82],[79],[86],[35],[4],[35],[75],[83],[13],[77],[28],[3],[93],[77],[78],[93],[78]],"total_degree":192}},{"name":"d_v = 2, d_c = 4","noise_parameter":[0.5011872336272722,0.5623413251903491,0.6309573444801932,0.7079457843841379,0.7943282347242815,0.8912509381337456,1.0,1.1220184543019633,1.2589254117941673,1.4125375446227544,1.5848931924611136,1.778279410038923,1.9952623149688795,2.23872113856834,2.51188643150958,2.8183829312644537,3.1622776601683795,3.548133892335755,3.981071705534973,4.46683592150963],"bit_error_rate":[0.307,0.2824375,0.2515,0.21746875,0.17936979166666667,0.1366875,0.09277083333333334,0.04822395833333334,0.018541666666666665,0.004614583333333333,0.0008072916666666666,0.0002760416666666666,0.00003645833333333333,0.0,0.000010416666666666666,0.0,0.0,0.0,0.0,0.0],"block_error_rate":[1.0,1.0,1.0,1.0,1.0,0.998,0.988,0.828,0.486,0.178,0.047,0.022,0.003,0.0,0.001,0.0,0.0,0.0,0.0,0.0],"code_rate":0.5,"decoding_time":0.00119793379405,"code":{"dimension":96,"parity_row":[[34,132,167,181],[147,172,182,184],[4,56,86,110],[1,24,56,156],[184,186,190,191],[73,81,90,105],[96,144,148,173],[77,150,156,160],[50,59,80,118],[32,36,51,134],[3,9,131,159],[1,68,113,138],[38,48,69,88],[58,94,106,123],[11,79,108,115],[43,85,112,133],[116,135,148,151],[2,9,107,169],[125,166,176,188],[29,110,158,167],[21,98,119,138],[7,59,139,170],[22,47,53,118],[38,75,103,111],[17,57,61,136],[67,93,124,168],[157,165,166,177],[88,105,114,121],[55,81,96,146],[73,91,109,183],[14,35,103,120],[23,71,83,86],[37,62,64,117],[3,17,45,107],[31,90,129,136],[8,16,78,169],[44,149,161,172],[13,18,54,83],[10,47,113,141],[4,55,102,109],[65,126,139,145],[101,111,114,181],[12,19,74,104],[27,37,52,104],[33,168,176,188],[0,70,120,131],[24,35,40,164],[137,147,154,155],[95,146,151,159],[142,178,185,186],[99,122,158,165],[42,51,119,143],[25,152,153,154],[60,70,85,106],[43,46,76,79],[42,67,108,135],[15,52,68,117],[93,174,180,189],[6,72,76,97],[91,102,115,132],[26,78,89,92],[14,27,57,87],[41,49,145,171],[8,32,63,127],[48,94,127,130],[30,49,71,130],[60,77,124,142],[21,128,141,183],[12,123,163,170],[61,128,152,187],[31,65,82,137],[26,33,46,63],[28,62,162,179],[39,69,95,101],[39,41,133,155],[13,50,75,116],[34,40,44,121],[0,92,178,179],[64,66,72,80],[53,54,174,177],[25,30,149,189],[2,5,16,19],[84,97,98,100],[22,23,87,100],[18,66,126,175],[140,157,160,173],[20,122,150,180],[11,112,125,143],[144,187,190,191],[5,6,89,153],[7,28,29,36],[15,134,140,175],[20,58,82,84],[74,161,162,171],[10,164,182,185],[45,99,129,163]],"parity_col":[[45,77],[3,11],[17,81],[10,33],[2,39],[81,89],[58,89],[21,90],[35,63],[10,17],[38,94],[14,87],[42,68],[37,75],[30,61],[56,91],[35,81],[24,33],[37,84],[42,81],[86,92],[20,67],[22,83],[31,83],[3,46],[52,80],[60,71],[43,61],[72,90],[19,90],[65,80],[34,70],[9,63],[44,71],[0,76],[30,46],[9,90],[32,43],[12,23],[73,74],[46,76],[62,74],[51,55],[15,54],[36,76],[33,95],[54,71],[22,38],[12,64],[62,65],[8,75],[9,51],[43,56],[22,79],[37,79],[28,39],[2,3],[24,61],[13,92],[8,21],[53,66],[24,69],[32,72],[63,71],[32,78],[40,70],[78,84],[25,55],[11,56],[12,73],[45,53],[31,65],[58,78],[5,29],[42,93],[23,75],[54,58],[7,66],[35,60],[14,54],[8,78],[5,28],[70,92],[31,37],[82,92],[15,53],[2,31],[61,83],[12,27],[60,89],[5,34],[29,59],[60,77],[25,57],[13,64],[48,73],[6,28],[58,82],[20,82],[50,95],[82,83],[41,73],[39,59],[23,30],[42,43],[5,27],[13,53],[17,33],[14,55],[29,39],[2,19],[23,41],[15,87],[11,38],[27,41],[14,59],[16,75],[32,56],[8,22],[20,51],[30,45],[27,76],[50,86],[13,68],[25,66],[18,87],[40,84],[63,64],[67,69],[34,95],[64,65],[10,45],[0,59],[15,74],[9,91],[16,55],[24,34],[47,70],[11,20],[21,40],[85,91],[38,67],[49,66],[51,87],[6,88],[40,62],[28,48],[1,47],[6,16],[36,80],[7,86],[16,48],[52,69],[52,89],[47,52],[47,74],[3,7],[26,85],[19,50],[10,48],[7,85],[36,93],[72,93],[68,95],[46,94],[26,50],[18,26],[0,19],[25,44],[17,35],[21,68],[62,93],[1,36],[6,85],[57,79],[84,91],[18,44],[26,79],[49,77],[72,77],[57,86],[0,41],[1,94],[29,67],[1,4],[49,94],[4,49],[69,88],[18,44],[57,80],[4,88],[4,88]],"total_degree":384}}],
[{"name":"d_v = 1, d_c = 3","noise_parameter":[0.5011872336272722,0.5623413251903491,0.6309573444801932,0.7079457843841379,0.7943282347242815,0.8912509381337456,1.0,1.1220184543019633,1.2589254117941673,1.4125375446227544,1.5848931924611136,1.778279410038923,1.9952623149688795,2.23872113856834,2.51188643150958,2.8183829312644537,3.1622776601683795,3.548133892335755,3.981071705534973,4.46683592150963],"bit_error_rate":[0.2959791666666666,0.2698489583333334,0.240609375,0.21161458333333336,0.1804375,0.147515625,0.11944270833333333,0.08722916666666668,0.05990104166666667,0.038140625,0.0219375,0.011036458333333332,0.004479166666666666,0.0015416666666666664,0.000421875,0.000078125,0.0,0.0,0.0,0.0],"block_error_rate":[1.0,1.0,1.0,1.0,1.0,1.0,1.0,1.0,1.0,0.982,0.925,0.704,0.382,0.143,0.041,0.008,0.0,0.0,0.0,0.0],"code_rate":0.6666666666666666,"decoding_time":0.00065183586725,"code":{"dimension":64,