{
"name": "MacKay, full rank [true], regular [false]", 
"codes": [
[{"name":"d_v = 1.16, d_c = 2.31","noise_parameter":[0.5011872336272722,0.5623413251903491,0.6309573444801932,0.7079457843841379,0.7943282347242815,0.8912509381337456,1.0,1.1220184543019633,1.2589254117941673,1.4125375446227544,1.5848931924611136,1.778279410038923,1.9952623149688795,2.23872113856834,2.51188643150958,2.8183829312644537,3.1622776601683795,3.548133892335755,3.981071705534973,4.46683592150963],"bit_error_rate":[0.23672916666666668,0.20708854166666665,0.183109375,0.15763020833333335,0.12852604166666667,0.10345833333333333,0.078609375,0.05809375,0.038239583333333334,0.024791666666666667,0.014067708333333331,0.007130208333333332,0.0027916666666666667,0.0010989583333333333,0.0003854166666666666,0.00007291666666666666,0.000010416666666666666,0.0,0.0,0.0],"block_error_rate":[1.0,1.0,1.0,1.0,1.0,1.0,1.0,0.997,0.989,0.92,0.77,0.509,0.252,0.091,0.015,0.007,0.001,0.0,0.0,0.0],"code_rate":0.5,"decoding_time":0.00048440202555000004,"code":{"dimension":96,"parity_row":[[8,88],[34,147],[99,120],[20,131],[55,128],[81,161],[67,75],[36,115],[39,85],[14,67],[44,116],[93,126],[15,92],[5,94],[131,150],[79,85],[27,108],[30,78],[67,113],[16,50],[105,186],[72,121],[60,65,69,91,115],[62,66],[1,76],[11,96],[54,101],[49,59],[28,51],[61,98],[71,102],[69,131,163,168,173],[101,137,143,181,183],[65,148,179,188,191],[140,168],[65,132,166,175,182],[68,83],[80,101,131,172,190],[2,74],[38,40],[56,123],[114,157],[23,177],[134,168],[7,19,69,97,156],[12,53,112,145,146],[9,29],[22,42],[10,167],[151,187],[82,185],[45,107],[26,184],[31,89],[168,180],[133,189],[43,104,135,136,178],[3,118],[25,86],[4,162],[72,124],[6,21],[149,176],[139,153],[0,95],[70,169],[18,64],[127,154],[85,165],[65,67],[46,72],[32,57],[48,85],[90,110],[141,170],[129,158],[111,138],[33,47],[106,144],[77,173],[24,103],[17,35],[69,73],[72,100],[117,152],[52,174],[164,171],[115,173],[58,115],[87,173],[63,101],[13,41],[155,160],[37,142],[122,130],[84,109,119,125,159]],"parity_col":[[64],[24],[38],[57],[59],[13],[61],[44],[0],[46],[48],[25],[45],[91],[9],[12],[19],[81],[66],[44],[3],[61],[47],[42],[80],[58],[52],[16],[28],[46],[17],[53],[71],[77],[1],[81],[7],[93],[39],[8],[39],[91],[47],[56],[10],[51],[70],[77],[72],[27],[19],[28],[85],[45],[26],[4],[40],[71],[88],[27],[22],[29],[23],[90],[66],[22,33,35,69],[23],[6,9,18,69],[36],[22,31,44,82],[65],[30],[21,60,70,83],[82],[38],[6],[24],[79],[17],[15],[37],[5],[50],[36],[95],[8,15,68,72],[58],[89],[0],[53],[73],[22],[12],[11],[13],[64],[25],[44],[29],[2],[83],[26,32,37,90],[30],[80],[56],[20],[78],[51],[16],[95],[73],[76],[45],[18],[41],[7,22,87,88],[10],[84],[57],[95],[2],[21],[94],[40],[60],[95],[11],[67],[4],[75],[94],[3,14,31,37],[35],[55],[43],[56],[56],[32],[76],[63],[34],[74],[93],[32],[78],[45],[45],[1],[33],[62],[14],[49],[84],[63],[67],[92],[44],[41],[75],[95],[92],[5],[59],[31],[86],[68],[35],[48],[31,34,43,54],[65],[74],[86],[37],[31,79,87,89],[85],[35],[62],[42],[56],[33],[54],[32],[35],[32],[52],[50],[20],[49],[33],[55],[37],[33]],"total_degree":222}},{"name":"d_v = 2.16, d_c = 4.31","noise_parameter":[0.5011872336272722,0.5623413251903491,0.6309573444801932,0.7079457843841379,0.7943282347242815,0.8912509381337456,1.0,1.1220184543019633,1.2589254117941673,1.4125375446227544,1.5848931924611136,1.778279410038923,1.9952623149688795,2.23872113856834,2.51188643150958,2.8183829312644537,3.1622776601683795,3.548133892335755,3.981071705534973,4.46683592150963],"bit_error_rate":[0.30773958333333334,0.28263541666666664,0.252375,0.21775,0.18042708333333335,0.14034375,0.09310416666666667,0.0486875,0.018484375,0.004151041666666667,0.0009635416666666666,0.00024479166666666665,0.00007291666666666666,0.00003125,0.0,0.0,0.0,0.0,0.0,0.0],"block_error_rate":[1.0,1.0,1.0,1.0,1.0,0.996,0.98,0.839,0.486,0.158,0.049,0.017,0.006,0.003,0.0,0.0,0.0,0.0,0.0,0.0],"code_rate":0.5,"decoding_time":0.00151845685175,"code":{"dimension":96,"parity_row":[[17,173,178,191],[30,56,153,175],[95,101,106,157],[37,108,126,185],[2,55,84,150],[25,64,115,139],[122,132,160,173,179,185,189],[26,129,142,156],[0,34,135,166,170,179,186],[27,147,165,170],[28,29,52,103],[2,13,37,104],[28,72,80,109],[13,61,83,135],[66,79,100,103],[53,75,96,152],[1,20,145,156],[18,58,90,113],[22,54,93,99],[41,64,118,123],[6,70,119,138],[9,63,99,124],[21,23,31,58],[36,97,102,169],[14,134,141,155,164,172,178],[32,67,111,181],[34,45,86,88],[150,160,163,187],[0,17,76,159],[42,129,166,171],[15,35,43,54],[60,79,91,100],[40,138,140,182],[3,12,16,18],[8,48,51,149],[45,53,150,177],[49,73,77,107],[83,107,116,117],[47,69,169,182],[15,22,68,133],[44,66,80,96],[19,67,79,126],[7,104,105,112],[27,48,78,79],[16,89,103,161],[31,62,87,97],[81,111,137,164],[141,181,182,184],[50,82,121,139],[32,40,183,189],[44,65,125,151],[82,89,118,132],[108,131,140,148],[46,50,59,114],[102,153,161,162],[79,81,110,112],[86,176,188,191],[69,84,105,143],[20,24,56,120],[11,61,62,76],[45,128,136,157,180,187,190],[55,93,134,149],[33,41,52,74],[30,62,71,94,143,146,160],[26,56,101,131,148,172,177],[57,103,127,130,137,145,174],[103,133,150,188],[95,109,121,136],[39,92,127,151],[1,45,98,163,182,184,190],[10,21,60,70],[45,98,168,175],[94,144,171,183],[23,78,87,125],[150,160,165,180],[5,87,147,162,176,182,186],[119,152,158,174],[3,71,90,123],[8,62,85,87],[110,124,144,154],[35,68,114,115],[12,42,57,75],[38,51,104,120,159,167,168],[4,46,104,122],[7,29,49,59],[87,88,113,117],[5,9,56,106],[11,36,63,74],[38,77,130,142],[25,33,85,92],[6,14,39,146],[19,43,65,104],[4,47,155,160],[10,24,56,154],[72,116,158,167],[62,73,91,128]],"parity_col":[[8,28],[16,69],[4,11],[33,77],[83,92],[75,86],[20,90],[42,84],[34,78],[21,86],[70,93],[59,87],[33,81],[11,13],[24,90],[30,39],[33,44],[0,28],[17,33],[41,91],[16,58],[22,70],[18,39],[22,73],[58,93],[5,89],[7,64],[9,43],[10,12],[10,84],[1,63],[22,45],[25,49],[62,89],[8,26],[30,80],[23,87],[3,11],[82,88],[68,90],[32,49],[19,62],[29,81],[30,91],[40,50],[26,35,60,69,71],[53,83],[38,92],[34,43],[36,84],[48,53],[34,82],[10,62],[15,35],[18,30],[4,61],[1,58,64,86,93],[65,81],[17,22],[53,84],[31,70],[13,59],[45,59,63,78,95],[21,87],[5,19],[50,91],[14,40],[25,41],[39,80],[38,57],[20,70],[63,77],[12,94],[36,95],[62,87],[15,81],[28,59],[36,88],[43,73],[14,31,41,43,55],[12,40],[46,55],[48,51],[13,37],[4,57],[78,89],[26,56],[45,73,75,78,85],[26,85],[44,51],[17,77],[31,95],[68,89],[18,61],[63,72],[2,67],[15,40],[23,45],[69,71],[18,21],[14,31],[2,64],[23,54],[10,14,44,65,66],[11,42,82,83,91],[42,57],[2,86],[36,37],[3,52],[12,67],[55,79],[25,46],[42,55],[17,85],[53,80],[5,80],[37,94],[37,85],[19,51],[20,76],[58,82],[48,67],[6,83],[19,77],[21,79],[50,73],[3,41],[65,68],[60,95],[7,29],[65,88],[52,64],[6,51],[39,66],[24,61],[8,13],[60,67],[46,65],[20,32],[5,48],[32,52],[24,47],[7,88],[57,63],[72,79],[16,65],[63,90],[9,75],[52,64],[34,61],[4,27,35,66,74],[50,68],[15,76],[1,54],[79,93],[24,92],[7,16],[2,60],[76,94],[28,82],[6,27,63,74,92],[44,54],[54,75],[27,69],[24,46],[9,74],[8,29],[82,94],[71,82],[23,38],[8,9],[29,72],[24,64],[0,6],[65,76],[1,71],[56,75],[35,64],[0,24],[6,8],[60,74],[25,47],[32,38,47,69,75],[49,72],[47,69],[3,6],[8,75],[27,60],[56,66],[6,49],[60,69],[0,56]],"total_degree":414}}],
[{"name":"d_v = 1.16, d_c = 3.47","noise_parameter":[0.5011872336272722,0.5623413251903491,0.6309573444801932,0.7079457843841379,0.7943282347242815,0.8912509381337456,1.0,1.1220184543019633,1.2589254117941673,1.4125375446227544,1.5848931924611136,1.778279410038923,1.9952623149688795,2.23872113856834,2.51188643150958,2.8183829312644537,3.1622776601683795,3.548133892335755,3.981071705534973,4.46683592150963],"bit_error_rate":[0.29534895833333336,0.2713958333333334,0.24118229166666666,0.21283333333333335,0.182984375,0.14846875,0.11765104166666665,0.08644270833333334,0.05918229166666667,0.037666666666666675,0.02203645833333333,0.011020833333333332,0.004458333333333333,0.0015572916666666665,0.0004479166666666666,0.00009375,0.0,0.0,0.0,0.0],